{"minzoom":0,"maxzoom":8,"center":[-61.171875,13.238984,8.0],"bounds":[-61.460854,12.534084,-61.114864,13.382926]}