{"minzoom":0,"maxzoom":9,"center":[-61.460854,12.897255,9.0],"bounds":[-61.460854,12.534084,-61.114864,13.382926]}